"group","flank","meanRT","sdRT","N","semRT","upperRT","lowerRT","meanError","sdError","semError","upperError","lowerError"
"Old","Congruent",381.873380663912,5.61493023936613,10,1.77559684593514,383.648977509847,380.097783817976,0.10625,0.0574335364670426,0.0181620789314195,0.124412078931419,0.0880879210685805
"Old","Incongruent",466.217254341495,6.92638874529898,10,2.19031643949007,468.407570780985,464.026937902005,0.0822916666666667,0.0237790189836999,0.0075195860512874,0.0898112527179541,0.0747720806153793
"Old","Neutral",380.988152920175,4.39585006449493,10,1.39008984564021,382.378242765815,379.598063074534,0.109375,0.0371544002760984,0.011749252997006,0.121124252997006,0.097625747002994
"Young","Congruent",379.922542819335,6.60167440914988,10,2.08763275037599,382.010175569711,377.834910068959,0.107291666666667,0.0402088730533725,0.0127151620997226,0.120006828766389,0.0945765045669441
"Young","Incongruent",451.984914619413,4.38247710975386,10,1.38586094603739,453.370775565451,450.599053673376,0.0916666666666667,0.0229271861378044,0.0072502128534101,0.0989168795200768,0.0844164538132566
"Young","Neutral",380.062317838254,4.76844677931775,10,1.50791527239384,381.570233110648,378.55440256586,0.0958333333333333,0.0168679969465154,0.00533412899157542,0.101167462324909,0.0904992043417579
